1472234535344,14:02:15,ModuleUserChange,null
1472234535360,14:02:15,AnimationPauseTimeUserChange,2
1472234535360,14:02:15,ProblemUserChange,null
1472234541453,14:02:21,GraderSettingsDisplayed
1472234541468,14:02:21,GraderSettingsStarted,Comp401f16,Assignment1,acorrect,tstudent2,Automatic and then manual,Grading Status,All
1472234547170,14:02:27,ModuleUserChange,Comp401f16
1472234547201,14:02:27,NavigationParameterChange,All
1472234547201,14:02:27,GradingStatusUserChange,All
1472234549233,14:02:29,NavigationInitiated
1472234549483,14:02:29,GraderSettingsEnded
1472234551248,14:02:31,ProjectStepperStarted
1472238864605,15:14:24,ModuleUserChange,null
1472238864683,15:14:24,AnimationPauseTimeUserChange,2
1472238864714,15:14:24,ProblemUserChange,null
1472238870519,15:14:30,GraderSettingsDisplayed
1472238870550,15:14:30,GraderSettingsStarted,Comp999JUnit,Assignment 1,acorrect,wangle,Automatic and then manual,Grading Status,All
1472239378190,15:22:58,ModuleUserChange,null
1472239378206,15:22:58,AnimationPauseTimeUserChange,2
1472239378206,15:22:58,ProblemUserChange,null
1472239381520,15:23:01,GraderSettingsDisplayed
1472239381535,15:23:01,GraderSettingsStarted,Comp999JUnit,Assignment 1,acorrect,wangle,Automatic and then manual,Grading Status,All
1472239393891,15:23:13,NavigationInitiated
1472239394145,15:23:14,GraderSettingsEnded
1472239396722,15:23:16,ProjectStepperStarted
1472240696562,15:44:56,ModuleUserChange,null
1472240696578,15:44:56,AnimationPauseTimeUserChange,2
1472240696594,15:44:56,ProblemUserChange,null
1472240702008,15:45:02,GraderSettingsDisplayed
1472240702024,15:45:02,GraderSettingsStarted,Comp999JUnit,Assignment 1,acorrect,wangle,Automatic and then manual,Grading Status,All
1472240709455,15:45:09,NavigationInitiated
1472240709627,15:45:09,GraderSettingsEnded
1472240711572,15:45:11,ProjectStepperStarted
1472240833198,15:47:13,ModuleUserChange,null
1472240833213,15:47:13,AnimationPauseTimeUserChange,2
1472240833229,15:47:13,ProblemUserChange,null
1472240838535,15:47:18,GraderSettingsDisplayed
1472240838535,15:47:18,GraderSettingsStarted,Comp999JUnit,Assignment 1,acorrect,wangle,Automatic and then manual,Grading Status,All
1472240848883,15:47:28,NavigationInitiated
1472240849086,15:47:29,GraderSettingsEnded
1472240961567,15:49:21,ProjectStepperStarted
1472241649283,16:00:49,ModuleUserChange,null
1472241649299,16:00:49,AnimationPauseTimeUserChange,2
1472241649299,16:00:49,ProblemUserChange,null
1472241654208,16:00:54,GraderSettingsDisplayed
1472241654208,16:00:54,GraderSettingsStarted,Comp999JUnit,Assignment 1,acorrect,wangle,Automatic and then manual,Grading Status,All
1472241663115,16:01:03,NavigationInitiated
1472241663271,16:01:03,GraderSettingsEnded
1472241674208,16:01:14,ProjectStepperStarted
1472241891028,16:04:51,ModuleUserChange,null
1472241891044,16:04:51,AnimationPauseTimeUserChange,2
1472241891059,16:04:51,ProblemUserChange,null
1472241896002,16:04:56,GraderSettingsDisplayed
1472241896018,16:04:56,GraderSettingsStarted,Comp999JUnit,Assignment 1,acorrect,wangle,Automatic and then manual,Grading Status,All
1472241906026,16:05:06,NavigationInitiated
1472241906198,16:05:06,GraderSettingsEnded
1472241908062,16:05:08,ProjectStepperStarted
1472246413594,17:20:13,ModuleUserChange,null
1472246413609,17:20:13,AnimationPauseTimeUserChange,2
1472246413625,17:20:13,ProblemUserChange,null
1472246418680,17:20:18,GraderSettingsDisplayed
1472246418680,17:20:18,GraderSettingsStarted,Comp999JUnit,Assignment 1,acorrect,wangle,Automatic and then manual,Grading Status,All
1472246557609,17:22:37,NavigationInitiated
1472246557750,17:22:37,GraderSettingsEnded
1472246559671,17:22:39,ProjectStepperStarted
1472345018422,20:43:38,ModuleUserChange,null
1472345018469,20:43:38,AnimationPauseTimeUserChange,2
1472345018469,20:43:38,ProblemUserChange,null
1472345023560,20:43:43,GraderSettingsDisplayed
1472345023560,20:43:43,GraderSettingsStarted,Comp999JUnit,Assignment 1,acorrect,wangle,Automatic and then manual,Grading Status,All
1472345031313,20:43:51,ModuleUserChange,Comp999JUnit
1472345031344,20:43:51,NavigationParameterChange,All
1472345031344,20:43:51,GradingStatusUserChange,All
1472345124045,20:45:24,NavigationParameterChange,All
1472345124045,20:45:24,GradingStatusUserChange,All
1472345124045,20:45:24,DownloadPathUserChange,D:\dewan_backup\Java\Comp401AllChecksTemp\Test Data\Comp401F16\Assignment1
1472345154110,20:45:54,NavigationInitiated
1472345154266,20:45:54,GraderSettingsEnded
1472345155798,20:45:55,ProjectStepperStarted
1473525392802,12:36:32,ModuleUserChange,null
1473525392912,12:36:32,AnimationPauseTimeUserChange,2
1473525393021,12:36:33,ProblemUserChange,null
1473525398825,12:36:38,GraderSettingsDisplayed
1473525398841,12:36:38,GraderSettingsStarted,Comp401f16,Assignment1,acorrect,tstudent2,Automatic and then manual,Grading Status,All
1473525438346,12:37:18,NavigationInitiated
1473525438565,12:37:18,GraderSettingsEnded
1473525441620,12:37:21,ProjectStepperStarted
1473525620530,12:40:20,ModuleUserChange,null
1473525620546,12:40:20,AnimationPauseTimeUserChange,2
1473525620546,12:40:20,ProblemUserChange,null
1473525623966,12:40:23,GraderSettingsDisplayed
1473525623968,12:40:23,GraderSettingsStarted,Comp401f16,Assignment1,acorrect,tstudent2,Automatic and then manual,Grading Status,All
1473525635720,12:40:35,NavigationInitiated
1473525635938,12:40:35,GraderSettingsEnded
1473525637454,12:40:37,ProjectStepperStarted
1473528158168,13:22:38,ModuleUserChange,null
1473528158183,13:22:38,AnimationPauseTimeUserChange,2
1473528158194,13:22:38,ProblemUserChange,null
1473528161715,13:22:41,GraderSettingsDisplayed
1473528161717,13:22:41,GraderSettingsStarted,Comp401f16,Assignment1,acorrect,tstudent2,Automatic and then manual,Grading Status,All
1473528181601,13:23:01,NavigationInitiated
1473528181804,13:23:01,GraderSettingsEnded
1473528183358,13:23:03,ProjectStepperStarted
1473528843503,13:34:03,ModuleUserChange,null
1473528843518,13:34:03,AnimationPauseTimeUserChange,2
1473528843518,13:34:03,ProblemUserChange,null
1473528846765,13:34:06,GraderSettingsDisplayed
1473528846765,13:34:06,GraderSettingsStarted,Comp401f16,Assignment1,acorrect,tstudent2,Automatic and then manual,Grading Status,All
1473528880243,13:34:40,NavigationInitiated
1473528880509,13:34:40,GraderSettingsEnded
1473528882187,13:34:42,ProjectStepperStarted
1473530845263,14:07:25,ModuleUserChange,null
1473530845279,14:07:25,AnimationPauseTimeUserChange,2
1473530845287,14:07:25,ProblemUserChange,null
1473530848844,14:07:28,GraderSettingsDisplayed
1473530848847,14:07:28,GraderSettingsStarted,Comp401f16,Assignment1,acorrect,tstudent2,Automatic and then manual,Grading Status,All
1473531582527,14:19:42,NavigationInitiated
1473531582714,14:19:42,GraderSettingsEnded
1473531584812,14:19:44,ProjectStepperStarted
1473532737035,14:38:57,ModuleUserChange,null
1473532737051,14:38:57,AnimationPauseTimeUserChange,2
1473532737067,14:38:57,ProblemUserChange,null
1473532740413,14:39:00,GraderSettingsDisplayed
1473532740415,14:39:00,GraderSettingsStarted,Comp401f16,Assignment1,acorrect,tstudent2,Automatic and then manual,Grading Status,All
1473532748864,14:39:08,NavigationInitiated
1473532749161,14:39:09,GraderSettingsEnded
1473532750848,14:39:10,ProjectStepperStarted
1473532848159,14:40:48,ModuleUserChange,null
1473532848190,14:40:48,AnimationPauseTimeUserChange,2
1473532848198,14:40:48,ProblemUserChange,null
1473532851545,14:40:51,GraderSettingsDisplayed
1473532851550,14:40:51,GraderSettingsStarted,Comp401f16,Assignment1,acorrect,tstudent2,Automatic and then manual,Grading Status,All
1473532860749,14:41:00,NavigationInitiated
1473532861031,14:41:01,GraderSettingsEnded
1473532862700,14:41:02,ProjectStepperStarted
1473533059053,14:44:19,ModuleUserChange,null
1473533059068,14:44:19,AnimationPauseTimeUserChange,2
1473533059084,14:44:19,ProblemUserChange,null
1473533062501,14:44:22,GraderSettingsDisplayed
1473533062501,14:44:22,GraderSettingsStarted,Comp401f16,Assignment1,acorrect,tstudent3,Automatic and then manual,Grading Status,All
1473533069992,14:44:29,NavigationInitiated
1473533070265,14:44:30,GraderSettingsEnded
1473533071319,14:44:31,ProjectStepperStarted
1473533178811,14:46:18,ModuleUserChange,null
1473533178830,14:46:18,AnimationPauseTimeUserChange,2
1473533178836,14:46:18,ProblemUserChange,null
1473533181573,14:46:21,GraderSettingsDisplayed
1473533181576,14:46:21,GraderSettingsStarted,Comp401f16,Assignment1,acorrect,tstudent3,Automatic and then manual,Grading Status,All
1473533194527,14:46:34,NavigationInitiated
1473533194761,14:46:34,GraderSettingsEnded
1473533196790,14:46:36,ProjectStepperStarted
1473537201878,15:53:21,ModuleUserChange,null
1473537201893,15:53:21,AnimationPauseTimeUserChange,2
1473537201909,15:53:21,ProblemUserChange,null
1473537205539,15:53:25,GraderSettingsDisplayed
1473537205542,15:53:25,GraderSettingsStarted,Comp401f16,Assignment1,acorrect,tstudent3,Automatic and then manual,Grading Status,All
1473537218611,15:53:38,NavigationInitiated
1473537218767,15:53:38,GraderSettingsEnded
1473537220193,15:53:40,ProjectStepperStarted
1473556696762,21:18:16,ModuleUserChange,null
1473556696840,21:18:16,AnimationPauseTimeUserChange,2
1473556696872,21:18:16,ProblemUserChange,null
1473556702663,21:18:22,GraderSettingsDisplayed
1473556702676,21:18:22,GraderSettingsStarted,Comp401f16,Assignment1,tstudent3,tstudent3,Automatic and then manual,Grading Status,All
1473556728419,21:18:48,NavigationInitiated
1473556728634,21:18:48,GraderSettingsEnded
1473556731601,21:18:51,ProjectStepperStarted
1473611758338,12:35:58,ModuleUserChange,null
1473611758416,12:35:58,AnimationPauseTimeUserChange,2
1473611758448,12:35:58,ProblemUserChange,null
1473611764340,12:36:04,GraderSettingsDisplayed
1473611764371,12:36:04,GraderSettingsStarted,Comp401f16,Assignment1,tstudent3,tstudent3,Automatic and then manual,Grading Status,All
1473611774926,12:36:14,NavigationInitiated
1473611775051,12:36:15,GraderSettingsEnded
1473611778487,12:36:18,ProjectStepperStarted
1473615111560,13:31:51,ModuleUserChange,null
1473615111576,13:31:51,AnimationPauseTimeUserChange,2
1473615111592,13:31:51,ProblemUserChange,null
1473615116871,13:31:56,GraderSettingsDisplayed
1473615116871,13:31:56,GraderSettingsStarted,Comp401f16,Assignment1,tstudent3,tstudent3,Automatic and then manual,Grading Status,All
1473615123325,13:32:03,NavigationInitiated
1473615123450,13:32:03,GraderSettingsEnded
1473615124589,13:32:04,ProjectStepperStarted
1473616846562,14:00:46,ModuleUserChange,null
1473616846578,14:00:46,AnimationPauseTimeUserChange,2
1473616846578,14:00:46,ProblemUserChange,null
1473616851766,14:00:51,GraderSettingsDisplayed
1473616851771,14:00:51,GraderSettingsStarted,Comp401f16,Assignment1,tstudent3,tstudent3,Automatic and then manual,Grading Status,All
1473616860485,14:01:00,NavigationInitiated
1473616860724,14:01:00,GraderSettingsEnded
1473616861956,14:01:01,ProjectStepperStarted
1473624431578,16:07:11,ModuleUserChange,null
1473624431616,16:07:11,AnimationPauseTimeUserChange,2
1473624431624,16:07:11,ProblemUserChange,null
1473624436912,16:07:16,GraderSettingsDisplayed
1473624436912,16:07:16,GraderSettingsStarted,Comp401f16,Assignment1,tstudent3,tstudent3,Automatic and then manual,Grading Status,All
1473624454205,16:07:34,NavigationInitiated
1473624454439,16:07:34,GraderSettingsEnded
1473624455711,16:07:35,ProjectStepperStarted
1473624577738,16:09:37,ModuleUserChange,null
1473624577753,16:09:37,AnimationPauseTimeUserChange,2
1473624577753,16:09:37,ProblemUserChange,null
1473624582826,16:09:42,GraderSettingsDisplayed
1473624582826,16:09:42,GraderSettingsStarted,Comp401f16,Assignment1,tstudent3,tstudent3,Automatic and then manual,Grading Status,All
1473624592060,16:09:52,NavigationInitiated
1473624592169,16:09:52,GraderSettingsEnded
1473624593490,16:09:53,ProjectStepperStarted
1473625917149,16:31:57,ModuleUserChange,null
1473625917164,16:31:57,AnimationPauseTimeUserChange,2
1473625917164,16:31:57,ProblemUserChange,null
1473625922221,16:32:02,GraderSettingsDisplayed
1473625922237,16:32:02,GraderSettingsStarted,Comp401f16,Assignment1,tstudent3,tstudent3,Automatic and then manual,Grading Status,All
1473625932047,16:32:12,NavigationInitiated
1473625932235,16:32:12,GraderSettingsEnded
1473625933435,16:32:13,ProjectStepperStarted
1473626784618,16:46:24,ModuleUserChange,null
1473626784649,16:46:24,AnimationPauseTimeUserChange,2
1473626784649,16:46:24,ProblemUserChange,null
1473626789915,16:46:29,GraderSettingsDisplayed
1473626789920,16:46:29,GraderSettingsStarted,Comp401f16,Assignment1,tstudent3,tstudent3,Automatic and then manual,Grading Status,All
1473626796164,16:46:36,NavigationInitiated
1473626796383,16:46:36,GraderSettingsEnded
1473626797539,16:46:37,ProjectStepperStarted
1473627105519,16:51:45,ModuleUserChange,null
1473627105550,16:51:45,AnimationPauseTimeUserChange,2
1473627105550,16:51:45,ProblemUserChange,null
1473627111042,16:51:51,GraderSettingsDisplayed
1473627111046,16:51:51,GraderSettingsStarted,Comp401f16,Assignment1,tstudent3,tstudent3,Automatic and then manual,Grading Status,All
1473627118896,16:51:58,NavigationInitiated
1473627119133,16:51:59,GraderSettingsEnded
1473627120332,16:52:00,ProjectStepperStarted
1473627176387,16:52:56,ModuleUserChange,null
1473627176403,16:52:56,AnimationPauseTimeUserChange,2
1473627176418,16:52:56,ProblemUserChange,null
1473627181206,16:53:01,GraderSettingsDisplayed
1473627181206,16:53:01,GraderSettingsStarted,Comp401f16,Assignment1,tstudent3,tstudent3,Automatic and then manual,Grading Status,All
1473627189727,16:53:09,NavigationInitiated
1473627189899,16:53:09,GraderSettingsEnded
1473627191083,16:53:11,ProjectStepperStarted
1473696238934,12:03:58,ModuleUserChange,null
1473696239044,12:03:59,AnimationPauseTimeUserChange,2
1473696239122,12:03:59,ProblemUserChange,null
1473696245895,12:04:05,GraderSettingsDisplayed
1473696245926,12:04:05,GraderSettingsStarted,Comp401f16,Assignment1,tstudent3,tstudent3,Automatic and then manual,Grading Status,All
1473696289485,12:04:49,NavigationInitiated
1473696289767,12:04:49,GraderSettingsEnded
1473700077718,13:07:57,ModuleUserChange,null
1473700077765,13:07:57,AnimationPauseTimeUserChange,2
1473700077801,13:07:57,ProblemUserChange,null
1473700081091,13:08:01,GraderSettingsDisplayed
1473700081107,13:08:01,GraderSettingsStarted,Comp401f16,Assignment1,tstudent3,tstudent3,Automatic and then manual,Grading Status,All
1473700091890,13:08:11,NavigationInitiated
1473700092140,13:08:12,GraderSettingsEnded
1473700095291,13:08:15,ProjectStepperStarted
1473700276111,13:11:16,ModuleUserChange,null
1473700276163,13:11:16,AnimationPauseTimeUserChange,2
1473700276195,13:11:16,ProblemUserChange,null
1473700279010,13:11:19,GraderSettingsDisplayed
1473700279026,13:11:19,GraderSettingsStarted,Comp401f16,Assignment1,tstudent3,tstudent3,Automatic and then manual,Grading Status,All
1473700288050,13:11:28,NavigationInitiated
1473700288143,13:11:28,GraderSettingsEnded
1473700294109,13:11:34,ProjectStepperStarted
1473700610270,13:16:50,ModuleUserChange,null
1473700610286,13:16:50,AnimationPauseTimeUserChange,2
1473700610301,13:16:50,ProblemUserChange,null
1473700613996,13:16:53,GraderSettingsDisplayed
1473700613996,13:16:53,GraderSettingsStarted,Comp401f16,Assignment1,tstudent3,tstudent3,Automatic and then manual,Grading Status,All
1473700618364,13:16:58,NavigationInitiated
1473700618661,13:16:58,GraderSettingsEnded
1473700620662,13:17:00,ProjectStepperStarted
1474083605287,23:40:05,ModuleUserChange,null
1474083605303,23:40:05,AnimationPauseTimeUserChange,2
1474083605303,23:40:05,ProblemUserChange,null
1474083608849,23:40:08,GraderSettingsDisplayed
1474083608851,23:40:08,GraderSettingsStarted,Comp401f16,Assignment1,tstudent3,tstudent3,Automatic and then manual,Grading Status,All
1474083654761,23:40:54,NavigationInitiated
1474083654933,23:40:54,GraderSettingsEnded
1474083656259,23:40:56,ProjectStepperStarted
1474083756063,23:42:36,ModuleUserChange,null
1474083756078,23:42:36,AnimationPauseTimeUserChange,2
1474083756094,23:42:36,ProblemUserChange,null
1474083759754,23:42:39,GraderSettingsDisplayed
1474083759754,23:42:39,GraderSettingsStarted,Comp401f16,Assignment1,scanner,scanner,Automatic and then manual,Grading Status,All
1474083774380,23:42:54,NavigationInitiated
1474083774778,23:42:54,GraderSettingsEnded
1474083776883,23:42:56,ProjectStepperStarted
1474083957378,23:45:57,ModuleUserChange,null
1474083957378,23:45:57,AnimationPauseTimeUserChange,2
1474083957394,23:45:57,ProblemUserChange,null
1474083959593,23:45:59,GraderSettingsDisplayed
1474083959595,23:45:59,GraderSettingsStarted,Comp401f16,Assignment1,tstudent3,tstudent3,Automatic and then manual,Grading Status,All
1474083966489,23:46:06,NavigationInitiated
1474083966739,23:46:06,GraderSettingsEnded
1474083967936,23:46:07,ProjectStepperStarted
1474084017187,23:46:57,ModuleUserChange,null
1474084017203,23:46:57,AnimationPauseTimeUserChange,2
1474084017218,23:46:57,ProblemUserChange,null
1474084020769,23:47:00,GraderSettingsDisplayed
1474084020769,23:47:00,GraderSettingsStarted,Comp401f16,Assignment1,tstudent3,tstudent3,Automatic and then manual,Grading Status,All
1474084028870,23:47:08,NavigationInitiated
1474084029120,23:47:09,GraderSettingsEnded
1474084030526,23:47:10,ProjectStepperStarted
1474084596884,23:56:36,ModuleUserChange,null
1474084596900,23:56:36,AnimationPauseTimeUserChange,2
1474084596900,23:56:36,ProblemUserChange,null
1474084600168,23:56:40,GraderSettingsDisplayed
1474084600171,23:56:40,GraderSettingsStarted,Comp401f16,Assignment1,tstudent3,tstudent3,Automatic and then manual,Grading Status,All
1474084612878,23:56:52,NavigationInitiated
1474084613144,23:56:53,GraderSettingsEnded
1474084614503,23:56:54,ProjectStepperStarted
1474084734538,23:58:54,ModuleUserChange,null
1474084734538,23:58:54,AnimationPauseTimeUserChange,2
1474084734553,23:58:54,ProblemUserChange,null
1474084737760,23:58:57,GraderSettingsDisplayed
1474084737761,23:58:57,GraderSettingsStarted,Comp401f16,Assignment1,tstudent3,tstudent3,Automatic and then manual,Grading Status,All
1474084800444,00:00:00,NavigationInitiated
1474084800701,00:00:00,GraderSettingsEnded
1474084802246,00:00:02,ProjectStepperStarted
1474117541529,09:05:41,ModuleUserChange,null
1474117541544,09:05:41,AnimationPauseTimeUserChange,2
1474117541560,09:05:41,ProblemUserChange,null
1474117543986,09:05:43,GraderSettingsDisplayed
1474117543986,09:05:43,GraderSettingsStarted,Comp401f16,Assignment1,tstudent3,tstudent3,Automatic and then manual,Grading Status,All
1474117618059,09:06:58,NavigationInitiated
1474117618367,09:06:58,GraderSettingsEnded
1474117621962,09:07:01,ProjectStepperStarted
1474118466335,09:21:06,ModuleUserChange,null
1474118466350,09:21:06,AnimationPauseTimeUserChange,2
1474118466366,09:21:06,ProblemUserChange,null
1474118469505,09:21:09,GraderSettingsDisplayed
1474118469505,09:21:09,GraderSettingsStarted,Comp401f16,Assignment1,tstudent3,tstudent3,Automatic and then manual,Grading Status,All
1474118478562,09:21:18,NavigationInitiated
1474118478781,09:21:18,GraderSettingsEnded
1474118480236,09:21:20,ProjectStepperStarted
1474119301362,09:35:01,ModuleUserChange,null
1474119301377,09:35:01,AnimationPauseTimeUserChange,2
1474119301393,09:35:01,ProblemUserChange,null
1474119304243,09:35:04,GraderSettingsDisplayed
1474119304243,09:35:04,GraderSettingsStarted,Comp401f16,Assignment1,tstudent3,tstudent3,Automatic and then manual,Grading Status,All
1474119312330,09:35:12,NavigationInitiated
1474119312580,09:35:12,GraderSettingsEnded
1474119314141,09:35:14,ProjectStepperStarted
1474119523976,09:38:43,ModuleUserChange,null
1474119523993,09:38:43,AnimationPauseTimeUserChange,2
1474119523994,09:38:43,ProblemUserChange,null
1474119527226,09:38:47,GraderSettingsDisplayed
1474119527226,09:38:47,GraderSettingsStarted,Comp401f16,Assignment1,tstudent3,tstudent3,Automatic and then manual,Grading Status,All
1474119536438,09:38:56,NavigationInitiated
1474119536672,09:38:56,GraderSettingsEnded
1474119538104,09:38:58,ProjectStepperStarted
1474119693879,09:41:33,ModuleUserChange,null
1474119693895,09:41:33,AnimationPauseTimeUserChange,2
1474119693895,09:41:33,ProblemUserChange,null
1474119697061,09:41:37,GraderSettingsDisplayed
1474119697064,09:41:37,GraderSettingsStarted,Comp401f16,Assignment1,tstudent3,tstudent3,Automatic and then manual,Grading Status,All
1474119704131,09:41:44,NavigationInitiated
1474119704350,09:41:44,GraderSettingsEnded
1474119705764,09:41:45,ProjectStepperStarted
1474119819272,09:43:39,ModuleUserChange,null
1474119819303,09:43:39,AnimationPauseTimeUserChange,2
1474119819303,09:43:39,ProblemUserChange,null
1474119824415,09:43:44,GraderSettingsDisplayed
1474119824419,09:43:44,GraderSettingsStarted,Comp401f16,Assignment1,tstudent3,tstudent3,Automatic and then manual,Grading Status,All
1474119830752,09:43:50,NavigationInitiated
1474119831002,09:43:51,GraderSettingsEnded
1474119832406,09:43:52,ProjectStepperStarted
1474120065392,09:47:45,ModuleUserChange,null
1474120065408,09:47:45,AnimationPauseTimeUserChange,2
1474120065424,09:47:45,ProblemUserChange,null
1474120068940,09:47:48,GraderSettingsDisplayed
1474120068940,09:47:48,GraderSettingsStarted,Comp401f16,Assignment1,tstudent3,tstudent3,Automatic and then manual,Grading Status,All
1474120075548,09:47:55,NavigationInitiated
1474120075735,09:47:55,GraderSettingsEnded
1474120077059,09:47:57,ProjectStepperStarted
1474120205333,09:50:05,ModuleUserChange,null
1474120205349,09:50:05,AnimationPauseTimeUserChange,2
1474120205349,09:50:05,ProblemUserChange,null
1474120208640,09:50:08,GraderSettingsDisplayed
1474120208643,09:50:08,GraderSettingsStarted,Comp401f16,Assignment1,tstudent3,tstudent3,Automatic and then manual,Grading Status,All
1474120216161,09:50:16,NavigationInitiated
1474120216426,09:50:16,GraderSettingsEnded
1474120217745,09:50:17,ProjectStepperStarted
1474120355955,09:52:35,ModuleUserChange,null
1474120355971,09:52:35,AnimationPauseTimeUserChange,2
1474120355987,09:52:35,ProblemUserChange,null
1474120359573,09:52:39,GraderSettingsDisplayed
1474120359575,09:52:39,GraderSettingsStarted,Comp401f16,Assignment1,tstudent3,tstudent3,Automatic and then manual,Grading Status,All
1474120372238,09:52:52,NavigationInitiated
1474120372520,09:52:52,GraderSettingsEnded
1474120373946,09:52:53,ProjectStepperStarted
1474120487088,09:54:47,ModuleUserChange,null
1474120487119,09:54:47,AnimationPauseTimeUserChange,2
1474120487119,09:54:47,ProblemUserChange,null
1474120490937,09:54:50,GraderSettingsDisplayed
1474120490940,09:54:50,GraderSettingsStarted,Comp401f16,Assignment1,tstudent3,tstudent3,Automatic and then manual,Grading Status,All
1474120499462,09:54:59,NavigationInitiated
1474120499743,09:54:59,GraderSettingsEnded
1474120501261,09:55:01,ProjectStepperStarted
1474122141345,10:22:21,ModuleUserChange,null
1474122141361,10:22:21,AnimationPauseTimeUserChange,2
1474122141361,10:22:21,ProblemUserChange,null
1474122144686,10:22:24,GraderSettingsDisplayed
1474122144691,10:22:24,GraderSettingsStarted,Comp401f16,Assignment1,tstudent3,tstudent3,Automatic and then manual,Grading Status,All
1474122154503,10:22:34,NavigationInitiated
1474122154768,10:22:34,GraderSettingsEnded
1474122156730,10:22:36,ProjectStepperStarted
1474122230178,10:23:50,ModuleUserChange,null
1474122230193,10:23:50,AnimationPauseTimeUserChange,2
1474122230193,10:23:50,ProblemUserChange,null
1474122233786,10:23:53,GraderSettingsDisplayed
1474122233790,10:23:53,GraderSettingsStarted,Comp401f16,Assignment1,tstudent3,tstudent3,Automatic and then manual,Grading Status,All
1474122244186,10:24:04,NavigationInitiated
1474122244461,10:24:04,GraderSettingsEnded
1474122245864,10:24:05,ProjectStepperStarted
1474122430255,10:27:10,ModuleUserChange,null
1474122430270,10:27:10,AnimationPauseTimeUserChange,2
1474122430270,10:27:10,ProblemUserChange,null
1474122434977,10:27:14,GraderSettingsDisplayed
1474122434981,10:27:14,GraderSettingsStarted,Comp401f16,Assignment1,tstudent3,tstudent3,Automatic and then manual,Grading Status,All
1474122446436,10:27:26,NavigationInitiated
1474122446639,10:27:26,GraderSettingsEnded
1474122448060,10:27:28,ProjectStepperStarted
1474122588259,10:29:48,ModuleUserChange,null
1474122588275,10:29:48,AnimationPauseTimeUserChange,2
1474122588290,10:29:48,ProblemUserChange,null
1474122591966,10:29:51,GraderSettingsDisplayed
1474122591969,10:29:51,GraderSettingsStarted,Comp401f16,Assignment1,tstudent3,tstudent3,Automatic and then manual,Grading Status,All
1474122603804,10:30:03,NavigationInitiated
1474122604054,10:30:04,GraderSettingsEnded
1474122605446,10:30:05,ProjectStepperStarted
1474122680375,10:31:20,ModuleUserChange,null
1474122680390,10:31:20,AnimationPauseTimeUserChange,2
1474122680390,10:31:20,ProblemUserChange,null
1474122683148,10:31:23,GraderSettingsDisplayed
1474122683150,10:31:23,GraderSettingsStarted,Comp401f16,Assignment1,tstudent3,tstudent3,Automatic and then manual,Grading Status,All
1474122702929,10:31:42,NavigationInitiated
1474122703101,10:31:43,GraderSettingsEnded
1474122704225,10:31:44,ProjectStepperStarted
1474122810432,10:33:30,ModuleUserChange,null
1474122810447,10:33:30,AnimationPauseTimeUserChange,2
1474122810447,10:33:30,ProblemUserChange,null
1474122814078,10:33:34,GraderSettingsDisplayed
1474122814081,10:33:34,GraderSettingsStarted,Comp401f16,Assignment1,infinite,infinite,Automatic and then manual,Grading Status,All
1474122821830,10:33:41,NavigationInitiated
1474122822080,10:33:42,GraderSettingsEnded
1474122823556,10:33:43,ProjectStepperStarted
1474124277329,10:57:57,ModuleUserChange,null
1474124277339,10:57:57,AnimationPauseTimeUserChange,2
1474124277345,10:57:57,ProblemUserChange,null
1474124279959,10:57:59,GraderSettingsDisplayed
1474124279961,10:57:59,GraderSettingsStarted,Comp401f16,Assignment1,infinite,infinite,Automatic and then manual,Grading Status,All
1474124286928,10:58:06,NavigationInitiated
1474124287104,10:58:07,GraderSettingsEnded
1474124287976,10:58:07,ProjectStepperStarted
1474124316950,10:58:36,ModuleUserChange,null
1474124316962,10:58:36,AnimationPauseTimeUserChange,2
1474124316967,10:58:36,ProblemUserChange,null
1474124319722,10:58:39,GraderSettingsDisplayed
1474124319723,10:58:39,GraderSettingsStarted,Comp401f16,Assignment1,infinite,infinite,Automatic and then manual,Grading Status,All
1474124697483,11:04:57,ModuleUserChange,null
1474124697497,11:04:57,AnimationPauseTimeUserChange,2
1474124697503,11:04:57,ProblemUserChange,null
1474124700361,11:05:00,GraderSettingsDisplayed
1474124700363,11:05:00,GraderSettingsStarted,Comp401f16,Assignment1,infinite,infinite,Automatic and then manual,Grading Status,All
1474124716607,11:05:16,NavigationInitiated
1474124716763,11:05:16,GraderSettingsEnded
1474124717711,11:05:17,ProjectStepperStarted
1474124798054,11:06:38,ModuleUserChange,null
1474124798070,11:06:38,AnimationPauseTimeUserChange,2
1474124798086,11:06:38,ProblemUserChange,null
1474124800692,11:06:40,GraderSettingsDisplayed
1474124800694,11:06:40,GraderSettingsStarted,Comp401f16,Assignment1,scanner,scanner,Automatic and then manual,Grading Status,All
1474124820723,11:07:00,NavigationInitiated
1474124820894,11:07:00,GraderSettingsEnded
1474124821746,11:07:01,ProjectStepperStarted
1474128138604,12:02:18,ModuleUserChange,null
1474128138617,12:02:18,AnimationPauseTimeUserChange,2
1474128138623,12:02:18,ProblemUserChange,null
1474128141021,12:02:21,GraderSettingsDisplayed
1474128141024,12:02:21,GraderSettingsStarted,Comp401f16,Assignment1,tstudent3,tstudent3,Automatic and then manual,Grading Status,All
1474128145812,12:02:25,ProblemUserChange,Assignment1
1474128179551,12:02:59,NavigationInitiated
1474128179809,12:02:59,GraderSettingsEnded
1474128197588,12:03:17,ProjectStepperStarted
1474128366110,12:06:06,ModuleUserChange,null
1474128366110,12:06:06,AnimationPauseTimeUserChange,2
1474128366110,12:06:06,ProblemUserChange,null
1474128368371,12:06:08,GraderSettingsDisplayed
1474128368373,12:06:08,GraderSettingsStarted,Comp401f16,Assignment2,tstudent,tstudent,Automatic and then manual,Grading Status,All
1474128377198,12:06:17,NavigationInitiated
1474128377386,12:06:17,GraderSettingsEnded
1474128403765,12:06:43,ProjectStepperStarted
1474128516208,12:08:36,ModuleUserChange,null
1474128516221,12:08:36,AnimationPauseTimeUserChange,2
1474128516227,12:08:36,ProblemUserChange,null
1474128519099,12:08:39,GraderSettingsDisplayed
1474128519101,12:08:39,GraderSettingsStarted,Comp401f16,Assignment2,tstudent,tstudent,Automatic and then manual,Grading Status,All
1474128522009,12:08:42,NavigationInitiated
1474128522103,12:08:42,GraderSettingsEnded
1474128542151,12:09:02,ProjectStepperStarted
1474128585703,12:09:45,ModuleUserChange,null
1474128585713,12:09:45,AnimationPauseTimeUserChange,2
1474128585718,12:09:45,ProblemUserChange,null
1474128588219,12:09:48,GraderSettingsDisplayed
1474128588222,12:09:48,GraderSettingsStarted,Comp401f16,Assignment2,tstudent,tstudent,Automatic and then manual,Grading Status,All
1474128598183,12:09:58,NavigationInitiated
1474128598402,12:09:58,GraderSettingsEnded
1474128599458,12:09:59,ProjectStepperStarted
1474129172821,12:19:32,ModuleUserChange,null
1474129172834,12:19:32,AnimationPauseTimeUserChange,2
1474129172839,12:19:32,ProblemUserChange,null
1474129175499,12:19:35,GraderSettingsDisplayed
1474129175502,12:19:35,GraderSettingsStarted,Comp401f16,Assignment2,tstudent,tstudent,Automatic and then manual,Grading Status,All
1474129182881,12:19:42,NavigationInitiated
1474129183052,12:19:43,GraderSettingsEnded
1474129184094,12:19:44,ProjectStepperStarted
1474133084064,13:24:44,ModuleUserChange,null
1474133084157,13:24:44,AnimationPauseTimeUserChange,2
1474133084189,13:24:44,ProblemUserChange,null
1474133089671,13:24:49,GraderSettingsDisplayed
1474133089687,13:24:49,GraderSettingsStarted,Comp401f16,Assignment2,tstudent,tstudent,Automatic and then manual,Grading Status,All
1474133109228,13:25:09,NavigationInitiated
1474133109368,13:25:09,GraderSettingsEnded
1474133111387,13:25:11,ProjectStepperStarted
1474133289393,13:28:09,ModuleUserChange,null
1474133289409,13:28:09,AnimationPauseTimeUserChange,2
1474133289425,13:28:09,ProblemUserChange,null
1474133294448,13:28:14,GraderSettingsDisplayed
1474133294464,13:28:14,GraderSettingsStarted,Comp401f16,Assignment1,infinite,infinite,Automatic,Grading Status,All
1474133299698,13:28:19,NavigationKindChange,Automatic and then manual
1474133313168,13:28:33,NavigationInitiated
1474133313402,13:28:33,GraderSettingsEnded
1474133315369,13:28:35,ProjectStepperStarted
1474133597745,13:33:17,ModuleUserChange,null
1474133597760,13:33:17,AnimationPauseTimeUserChange,2
1474133597776,13:33:17,ProblemUserChange,null
1474133603349,13:33:23,GraderSettingsDisplayed
1474133603353,13:33:23,GraderSettingsStarted,Comp401f16,Assignment1,infinite,infinite,Automatic and then manual,Grading Status,All
1474133619160,13:33:39,NavigationInitiated
1474133619315,13:33:39,GraderSettingsEnded
1474133620414,13:33:40,ProjectStepperStarted
1474133962856,13:39:22,ModuleUserChange,null
1474133962887,13:39:22,AnimationPauseTimeUserChange,2
1474133962903,13:39:22,ProblemUserChange,null
1474133967930,13:39:27,GraderSettingsDisplayed
1474133967946,13:39:27,GraderSettingsStarted,Comp401f16,Assignment1,scanner,scanner,Automatic and then manual,Grading Status,All
1474133997177,13:39:57,NavigationInitiated
1474133997349,13:39:57,GraderSettingsEnded
1474133998311,13:39:58,ProjectStepperStarted
1474134096816,13:41:36,ModuleUserChange,null
1474134096832,13:41:36,AnimationPauseTimeUserChange,2
1474134096848,13:41:36,ProblemUserChange,null
1474134101892,13:41:41,GraderSettingsDisplayed
1474134101892,13:41:41,GraderSettingsStarted,Comp401f16,Assignment1,scanner,scanner,Automatic and then manual,Grading Status,All
1474134108985,13:41:48,NavigationInitiated
1474134109095,13:41:49,GraderSettingsEnded
1474134110193,13:41:50,ProjectStepperStarted
1474134324869,13:45:24,ModuleUserChange,null
1474134324884,13:45:24,AnimationPauseTimeUserChange,2
1474134324884,13:45:24,ProblemUserChange,null
1474134329825,13:45:29,GraderSettingsDisplayed
1474134329825,13:45:29,GraderSettingsStarted,Comp401f16,Assignment1,scanner,scanner,Automatic and then manual,Grading Status,All
1474134339591,13:45:39,NavigationInitiated
1474134339794,13:45:39,GraderSettingsEnded
1474134340972,13:45:40,ProjectStepperStarted
1474134584115,13:49:44,ModuleUserChange,null
1474134584131,13:49:44,AnimationPauseTimeUserChange,2
1474134584147,13:49:44,ProblemUserChange,null
1474134588999,13:49:48,GraderSettingsDisplayed
1474134588999,13:49:48,GraderSettingsStarted,Comp401f16,Assignment1,scanner,scanner,Automatic and then manual,Grading Status,All
1474134596505,13:49:56,NavigationInitiated
1474134596693,13:49:56,GraderSettingsEnded
1474134597724,13:49:57,ProjectStepperStarted
1474134671765,13:51:11,ModuleUserChange,null
1474134671781,13:51:11,AnimationPauseTimeUserChange,2
1474134671797,13:51:11,ProblemUserChange,null
1474134675985,13:51:15,GraderSettingsDisplayed
1474134676000,13:51:16,GraderSettingsStarted,Comp401f16,Assignment1,scanner,scanner,Automatic and then manual,Grading Status,All
1474134750296,13:52:30,ModuleUserChange,null
1474134750312,13:52:30,AnimationPauseTimeUserChange,2
1474134750312,13:52:30,ProblemUserChange,null
1474134755281,13:52:35,GraderSettingsDisplayed
1474134755281,13:52:35,GraderSettingsStarted,Comp401f16,Assignment1,acorrect,tstudent4,Automatic and then manual,Grading Status,All
1474134772997,13:52:52,NavigationInitiated
1474134773169,13:52:53,GraderSettingsEnded
1474134775530,13:52:55,ProjectStepperStarted
1474135447946,14:04:07,ModuleUserChange,null
1474135447962,14:04:07,AnimationPauseTimeUserChange,2
1474135447977,14:04:07,ProblemUserChange,null
1474135453208,14:04:13,GraderSettingsDisplayed
1474135453223,14:04:13,GraderSettingsStarted,Comp401f16,Assignment1,acorrect,tstudent4,Automatic and then manual,Grading Status,All
1474135599012,14:06:39,NavigationInitiated
1474135599169,14:06:39,GraderSettingsEnded
1474135600307,14:06:40,ProjectStepperStarted
1474135739274,14:08:59,ModuleUserChange,null
1474135739289,14:08:59,AnimationPauseTimeUserChange,2
1474135739289,14:08:59,ProblemUserChange,null
1474135744188,14:09:04,GraderSettingsDisplayed
1474135744203,14:09:04,GraderSettingsStarted,Comp401f16,Assignment1,scanner,scanner,Automatic and then manual,Grading Status,All
1474135756803,14:09:16,NavigationInitiated
1474135756990,14:09:16,GraderSettingsEnded
1474135758065,14:09:18,ProjectStepperStarted
1474135888939,14:11:28,ModuleUserChange,null
1474135888954,14:11:28,AnimationPauseTimeUserChange,2
1474135888970,14:11:28,ProblemUserChange,null
1474135893674,14:11:33,GraderSettingsDisplayed
1474135893674,14:11:33,GraderSettingsStarted,Comp401f16,Assignment1,scanner,scanner,Automatic and then manual,Grading Status,All
1474135906560,14:11:46,NavigationInitiated
1474135906779,14:11:46,GraderSettingsEnded
1474135907896,14:11:47,ProjectStepperStarted
1474136339931,14:18:59,ModuleUserChange,null
1474136339947,14:18:59,AnimationPauseTimeUserChange,2
1474136339962,14:18:59,ProblemUserChange,null
1474136344755,14:19:04,GraderSettingsDisplayed
1474136344755,14:19:04,GraderSettingsStarted,Comp401f16,Assignment1,scanner,scanner,Automatic and then manual,Grading Status,All
1474136351093,14:19:11,NavigationInitiated
1474136351289,14:19:11,GraderSettingsEnded
1474136352395,14:19:12,ProjectStepperStarted
1474136588145,14:23:08,ModuleUserChange,null
1474136588161,14:23:08,AnimationPauseTimeUserChange,2
1474136588176,14:23:08,ProblemUserChange,null
1474136592805,14:23:12,GraderSettingsDisplayed
1474136592805,14:23:12,GraderSettingsStarted,Comp401f16,Assignment1,scanner,scanner,Automatic and then manual,Grading Status,All
1474136609107,14:23:29,NavigationInitiated
1474136609248,14:23:29,GraderSettingsEnded
1474136611444,14:23:31,ProjectStepperStarted
1474252185679,22:29:45,ModuleUserChange,null
1474252185725,22:29:45,AnimationPauseTimeUserChange,2
1474252185741,22:29:45,ProblemUserChange,null
1474252188283,22:29:48,GraderSettingsDisplayed
1474252188283,22:29:48,GraderSettingsStarted,Comp401f16,Assignment1,acorrect,tstudent4,Automatic and then manual,Grading Status,All
1474252193611,22:29:53,ProblemUserChange,Assignment1
1474252285067,22:31:25,NavigationInitiated
1474252285411,22:31:25,GraderSettingsEnded
1474252289864,22:31:29,ProjectStepperStarted
1474252678923,22:37:58,ModuleUserChange,null
1474252678938,22:37:58,AnimationPauseTimeUserChange,2
1474252678938,22:37:58,ProblemUserChange,null
1474252682142,22:38:02,GraderSettingsDisplayed
1474252682157,22:38:02,GraderSettingsStarted,Comp401f16,Assignment2,acorrect,tstudent,Automatic and then manual,Grading Status,All
1474252690167,22:38:10,NavigationInitiated
1474252690323,22:38:10,GraderSettingsEnded
1474252692683,22:38:12,ProjectStepperStarted
